{
  "version": 1,
  "author": "Yalçın Dağbaşı",
  "editor": "wokwi",
  "parts": [
    { "type": "wokwi-arduino-mega", "id": "mega", "top": -24.53, "left": -77.1, "attrs": {} },
    { "type": "board-ssd1306", "id": "oled1", "top": -289.76, "left": 380.92, "attrs": {} },
    {
      "type": "wokwi-pushbutton",
      "id": "btn2",
      "top": -135.22,
      "left": 498.29,
      "attrs": { "color": "blue", "key": "ArrowRight" }
    },
    {
      "type": "wokwi-pushbutton",
      "id": "btn3",
      "top": -53.12,
      "left": 402.17,
      "attrs": { "color": "red", "key": "ArrowUp" }
    },
    {
      "type": "wokwi-pushbutton",
      "id": "btn-yellow1",
      "top": -131.35,
      "left": 321.06,
      "attrs": { "color": "blue", "key": "ArrowLeft", "label": "4", "bounce": "1" }
    },
    {
      "type": "wokwi-led",
      "id": "led2",
      "top": -399.23,
      "left": 250.13,
      "attrs": { "color": "red" }
    },
    {
      "type": "wokwi-led",
      "id": "led1",
      "top": -405.77,
      "left": 208.46,
      "attrs": { "color": "red" }
    },
    {
      "type": "wokwi-led",
      "id": "led3",
      "top": -415.16,
      "left": 169.64,
      "attrs": { "color": "red" }
    },
    {
      "type": "wokwi-led",
      "id": "led4",
      "top": -388.09,
      "left": 544.74,
      "attrs": { "color": "red", "flip": "1" }
    },
    {
      "type": "wokwi-led",
      "id": "led5",
      "top": -378.54,
      "left": 504.32,
      "attrs": { "color": "red", "flip": "1" }
    },
    {
      "type": "wokwi-led",
      "id": "led6",
      "top": -402.18,
      "left": 592.32,
      "attrs": { "color": "red", "flip": "1" }
    },
    {
      "type": "wokwi-buzzer",
      "id": "bz1",
      "top": -283.46,
      "left": 525.84,
      "attrs": { "volume": "0.1" }
    },
    {
      "type": "wokwi-tm1637-7segment",
      "id": "sevseg1",
      "top": -454.6,
      "left": 326.98,
      "attrs": { "color": "red" }
    },
    { "type": "wokwi-photoresistor-sensor", "id": "ldr1", "top": 64, "left": 376.7, "attrs": {} }
  ],
  "connections": [
    [ "oled1:GND", "uno:GND.1", "black", [ "v-21.26", "h-52.77", "v166.12" ] ],
    [ "oled1:VCC", "uno:5V", "red", [ "v-50.41", "h-213.7", "v457.03", "h200.67" ] ],
    [ "oled1:SCL", "uno:A5", "green", [ "v-66.34", "h-238.88", "v535.83", "h317.36" ] ],
    [ "oled1:SDA", "uno:A4", "green", [ "v-89.95", "h-285.61", "v581.59", "h330.65" ] ],
    [ "btn3:1.l", "uno:3", "green", [ "h0" ] ],
    [ "btn2:1.l", "uno:12", "green", [ "h-56.55", "v-152.72", "h-395.08", "v259.74", "h84.59" ] ],
    [
      "btn-yellow1:1.l",
      "uno:11",
      "green",
      [ "h-51.23", "v-38.17", "h-179.13", "v119.42", "h47.77" ]
    ],
    [
      "btn-yellow1:2.r",
      "uno:GND.1",
      "green",
      [ "h16.11", "v-203.46", "h-332.39", "v273.67", "h39.81" ]
    ],
    [ "btn2:2.r", "uno:GND.1", "green", [ "h27.72", "v-77.18", "h-501.56" ] ],
    [ "btn3:2.r", "uno:GND.1", "green", [ "h141.03", "v-320.31", "h-438.87" ] ],
    [ "oled1:GND", "mega:GND.1", "black", [ "v-33.5", "h-134.75" ] ],
    [ "oled1:VCC", "mega:5V", "red", [ "v-62.35", "h-292.03", "v458.82", "h201.92" ] ],
    [ "btn-yellow1:1.l", "mega:11", "green", [ "h-17.33", "v-66.91", "h-237.45" ] ],
    [ "btn2:1.l", "mega:12", "green", [ "h-78.54", "v-35.92", "h-358.85" ] ],
    [ "btn3:2.r", "mega:GND.1", "green", [ "h172.2", "v-146.71", "h-599.47" ] ],
    [ "btn2:2.r", "mega:GND.1", "green", [ "h56.81", "v-42", "h-580.2" ] ],
    [ "btn-yellow1:2.r", "mega:GND.1", "green", [ "h15.95", "v-34.02", "h-362.11" ] ],
    [ "oled1:SCL", "mega:21", "green", [ "v-30.65", "h62.99" ] ],
    [ "oled1:SDA", "mega:20", "green", [ "v-25.46", "h5.71" ] ],
    [ "led2:A", "mega:5", "green", [ "v17.68", "h-114.94" ] ],
    [ "led2:C", "mega:GND.1", "green", [ "v2.76", "h-222.67" ] ],
    [ "led1:A", "mega:6", "green", [ "v32.93", "h-118.46" ] ],
    [ "led3:A", "mega:7", "green", [ "v14.79", "h-82.48", "v327.56" ] ],
    [ "led3:C", "mega:GND.1", "green", [ "v-1.36", "h-143.69" ] ],
    [ "led1:C", "mega:GND.1", "green", [ "v0.64", "h-183.46" ] ],
    [ "btn3:1.l", "mega:10", "green", [ "h-68.8", "v-25.9", "h-253.26" ] ],
    [ "led5:A", "mega:2", "green", [ "v14.13", "h-339.66" ] ],
    [ "led4:A", "mega:3", "green", [ "v12.76", "h-398.13" ] ],
    [ "led6:A", "mega:4", "green", [ "v19.3", "h-460.51" ] ],
    [ "led5:C", "mega:GND.1", "green", [ "v10.99", "h-482.57" ] ],
    [ "led4:C", "mega:GND.1", "green", [ "v13.81", "h-523.25", "v-7.33" ] ],
    [ "led6:C", "mega:GND.1", "green", [ "v19.3", "h-570.51" ] ],
    [ "bz1:1", "mega:GND.1", "green", [ "v10.35", "h-506.05" ] ],
    [ "bz1:2", "mega:13", "green", [ "v1.45", "h-506.28" ] ],
    [ "sevseg1:DIO", "mega:8", "green", [ "h16.44", "v-43.58", "h-406.02" ] ],
    [ "sevseg1:CLK", "mega:9", "green", [ "h11.4", "v-52.43", "h-407.7" ] ],
    [ "sevseg1:GND", "mega:GND.1", "black", [ "h29.02", "v-93.82", "h-503.33" ] ],
    [
      "sevseg1:VCC",
      "mega:5V",
      "red",
      [ "h64.62", "v-109.84", "h-687.93", "v712.35", "h211.12" ]
    ],
    [ "ldr1:AO", "mega:A0", "green", [ "h15.07", "v94.64", "h-428.78" ] ],
    [ "ldr1:VCC", "mega:5V", "red", [ "h95.66", "v192.57", "h-556.51" ] ],
    [
      "ldr1:GND",
      "mega:GND.1",
      "black",
      [ "h-1.66", "v-66.8", "h-214.39", "v-103.39", "h-291.94" ]
    ]
  ],
  "dependencies": {}
}